<?xml version="1.0" encoding="UTF-8"?>
<project-private xmlns="http://www.netbeans.org/ns/project-private/1">
    <editor-bookmarks xmlns="http://www.netbeans.org/ns/editor-bookmarks/2" lastBookmarkId="0"/>
    <open-files xmlns="http://www.netbeans.org/ns/projectui-open-files/2">
        <group>
            <file>file:/C:/Data/COS30041NB20/EX-JDBC/src/ex/jdbc/CreateCustomerDB.java</file>
            <file>file:/C:/Data/COS30041NB20/EX-JDBC/src/ex/jdbc/SetUpCustomerDB.java</file>
            <file>file:/C:/Data/COS30041NB20/EX-JDBC/src/ex/jdbc/DestroyCustomerDB.java</file>
            <file>file:/C:/Data/COS30041NB20/EX-JDBC/src/ex/jdbc/Customer.java</file>
            <file>file:/C:/Data/COS30041NB20/EX-JDBC/src/ex/jdbc/CustomerDB.java</file>
        </group>
    </open-files>
</project-private>
